{"showModuleInspector":false,"showSaveLoad":false,"active":true,"Settings":{"skyMode":0,"moonMode":1,"forcedSkyboxSetup":true,"frontColorGradient0":{"serializedVersion":"2","key0":{"r":0.0,"g":0.0,"b":0.0,"a":1.0},"key1":{"r":0.0,"g":0.0,"b":0.0,"a":1.0},"key2":{"r":0.18743324279785157,"g":0.27322545647621157,"b":0.4905660152435303,"a":0.0},"key3":{"r":0.0,"g":0.0,"b":0.0,"a":0.0},"key4":{"r":0.0,"g":0.0,"b":0.0,"a":0.0},"key5":{"r":0.0,"g":0.0,"b":0.0,"a":0.0},"key6":{"r":0.0,"g":0.0,"b":0.0,"a":0.0},"key7":{"r":0.0,"g":0.0,"b":0.0,"a":0.0},"ctime0":0,"ctime1":32768,"ctime2":65535,"ctime3":0,"ctime4":0,"ctime5":0,"ctime6":0,"ctime7":0,"atime0":0,"atime1":65535,"atime2":0,"atime3":0,"atime4":0,"atime5":0,"atime6":0,"atime7":0,"m_Mode":0,"m_NumColorKeys":3,"m_NumAlphaKeys":2},"frontColorGradient1":{"serializedVersion":"2","key0":{"r":0.0,"g":0.0,"b":0.0,"a":1.0},"key1":{"r":0.01650942862033844,"g":0.021462252363562585,"b":0.06603771448135376,"a":1.0},"key2":{"r":0.11814703047275543,"g":0.14878512918949128,"b":0.4245283007621765,"a":0.0},"key3":{"r":0.6226415038108826,"g":0.3261784613132477,"b":0.27901387214660647,"a":0.0},"key4":{"r":0.5027144551277161,"g":0.5662443041801453,"b":0.7452830076217651,"a":0.0},"key5":{"r":1.2720130681991578,"g":1.3314529657363892,"b":1.4562766551971436,"a":0.0},"key6":{"r":1.2720130681991578,"g":1.3314529657363892,"b":1.4562766551971436,"a":0.0},"key7":{"r":1.2720130681991578,"g":1.3314529657363892,"b":1.4562766551971436,"a":0.0},"ctime0":0,"ctime1":9830,"ctime2":21781,"ctime3":30840,"ctime4":35466,"ctime5":65535,"ctime6":65535,"ctime7":65535,"atime0":0,"atime1":65535,"atime2":0,"atime3":0,"atime4":0,"atime5":0,"atime6":0,"atime7":0,"m_Mode":0,"m_NumColorKeys":6,"m_NumAlphaKeys":2},"frontColorGradient2":{"serializedVersion":"2","key0":{"r":0.0,"g":0.0,"b":0.0,"a":1.0},"key1":{"r":0.014640436507761479,"g":0.01978015899658203,"b":0.06603771448135376,"a":1.0},"key2":{"r":0.12589000165462495,"g":0.1519802212715149,"b":0.38679248094558718,"a":0.0},"key3":{"r":0.6415094137191773,"g":0.3974781334400177,"b":0.26326096057891848,"a":0.0},"key4":{"r":0.34282663464546206,"g":0.4525283873081207,"b":0.6792452931404114,"a":0.0},"key5":{"r":0.47641509771347048,"g":0.6458101272583008,"b":1.0,"a":0.0},"key6":{"r":0.0,"g":0.0,"b":0.0,"a":0.0},"key7":{"r":0.0,"g":0.0,"b":0.0,"a":0.0},"ctime0":0,"ctime1":9830,"ctime2":23130,"ctime3":32768,"ctime4":36430,"ctime5":65535,"ctime6":0,"ctime7":0,"atime0":0,"atime1":65535,"atime2":0,"atime3":0,"atime4":0,"atime5":0,"atime6":0,"atime7":0,"m_Mode":0,"m_NumColorKeys":6,"m_NumAlphaKeys":2},"frontColorGradient3":{"serializedVersion":"2","key0":{"r":0.0,"g":0.0,"b":0.0,"a":1.0},"key1":{"r":0.010457456111907959,"g":0.013281485065817833,"b":0.04716980457305908,"a":1.0},"key2":{"r":0.11289605498313904,"g":0.1421724557876587,"b":0.40566039085388186,"a":0.0},"key3":{"r":0.37735849618911745,"g":0.36523759365081789,"b":0.3577785789966583,"a":0.0},"key4":{"r":0.2156016230583191,"g":0.36202627420425417,"b":0.5377358198165894,"a":0.0},"key5":{"r":0.1580633670091629,"g":0.4040468633174896,"b":0.9056603908538818,"a":0.0},"key6":{"r":0.0,"g":0.0,"b":0.0,"a":0.0},"key7":{"r":0.0,"g":0.0,"b":0.0,"a":0.0},"ctime0":0,"ctime1":9830,"ctime2":23323,"ctime3":32768,"ctime4":36044,"ctime5":65535,"ctime6":0,"ctime7":0,"atime0":0,"atime1":65535,"atime2":0,"atime3":0,"atime4":0,"atime5":0,"atime6":0,"atime7":0,"m_Mode":0,"m_NumColorKeys":6,"m_NumAlphaKeys":2},"frontColorGradient4":{"serializedVersion":"2","key0":{"r":0.0,"g":0.0,"b":0.0,"a":1.0},"key1":{"r":0.008721958845853806,"g":0.011945722624659539,"b":0.037735819816589358,"a":1.0},"key2":{"r":0.1289604753255844,"g":0.15503518283367158,"b":0.3962264060974121,"a":0.0},"key3":{"r":0.1639818251132965,"g":0.3414248824119568,"b":0.5188679099082947,"a":0.0},"key4":{"r":0.14276282489299775,"g":0.2972450256347656,"b":0.4517271816730499,"a":0.0},"key5":{"r":0.12495552003383637,"g":0.3084951341152191,"b":0.6792452931404114,"a":0.0},"key6":{"r":0.0,"g":0.0,"b":0.0,"a":0.0},"key7":{"r":0.0,"g":0.0,"b":0.0,"a":0.0},"ctime0":0,"ctime1":9830,"ctime2":22552,"ctime3":32768,"ctime4":36044,"ctime5":65535,"ctime6":0,"ctime7":0,"atime0":0,"atime1":65535,"atime2":0,"atime3":0,"atime4":0,"atime5":0,"atime6":0,"atime7":0,"m_Mode":0,"m_NumColorKeys":6,"m_NumAlphaKeys":2},"frontColorGradient5":{"serializedVersion":"2","key0":{"r":0.0,"g":0.0,"b":0.0,"a":1.0},"key1":{"r":0.0060074785724282269,"g":0.009723210707306862,"b":0.028301894664764406,"a":1.0},"key2":{"r":0.13349947333335877,"g":0.15872618556022645,"b":0.37735849618911745,"a":0.0},"key3":{"r":0.06541474163532257,"g":0.26604163646698,"b":0.6603773832321167,"a":0.0},"key4":{"r":0.055026181042194369,"g":0.22379137575626374,"b":0.5555024147033691,"a":0.0},"key5":{"r":0.05553578585386276,"g":0.13623696565628053,"b":0.30188679695129397,"a":0.0},"key6":{"r":0.0,"g":0.0,"b":0.0,"a":0.0},"key7":{"r":0.0,"g":0.0,"b":0.0,"a":0.0},"ctime0":0,"ctime1":9830,"ctime2":23516,"ctime3":32768,"ctime4":36044,"ctime5":65535,"ctime6":0,"ctime7":0,"atime0":0,"atime1":65535,"atime2":0,"atime3":0,"atime4":0,"atime5":0,"atime6":0,"atime7":0,"m_Mode":0,"m_NumColorKeys":6,"m_NumAlphaKeys":2},"backColorGradient0":{"serializedVersion":"2","key0":{"r":0.0,"g":0.0,"b":0.0,"a":1.0},"key1":{"r":0.0,"g":0.0,"b":0.0,"a":1.0},"key2":{"r":0.18743324279785157,"g":0.27322545647621157,"b":0.4905660152435303,"a":0.0},"key3":{"r":0.0,"g":0.0,"b":0.0,"a":0.0},"key4":{"r":0.0,"g":0.0,"b":0.0,"a":0.0},"key5":{"r":0.0,"g":0.0,"b":0.0,"a":0.0},"key6":{"r":0.0,"g":0.0,"b":0.0,"a":0.0},"key7":{"r":0.0,"g":0.0,"b":0.0,"a":0.0},"ctime0":0,"ctime1":29491,"ctime2":65535,"ctime3":0,"ctime4":0,"ctime5":0,"ctime6":0,"ctime7":0,"atime0":0,"atime1":65535,"atime2":0,"atime3":0,"atime4":0,"atime5":0,"atime6":0,"atime7":0,"m_Mode":0,"m_NumColorKeys":3,"m_NumAlphaKeys":2},"backColorGradient1":{"serializedVersion":"2","key0":{"r":0.0,"g":0.0,"b":0.0,"a":1.0},"key1":{"r":0.01094695832580328,"g":0.015512636862695217,"b":0.05660378932952881,"a":1.0},"key2":{"r":0.08810964971780777,"g":0.11326092481613159,"b":0.3396226167678833,"a":0.0},"key3":{"r":0.1439124047756195,"g":0.24335336685180665,"b":0.3962264060974121,"a":0.0},"key4":{"r":0.14462442696094514,"g":0.2290305346250534,"b":0.4716981053352356,"a":0.0},"key5":{"r":1.0093603134155274,"g":1.1202789545059205,"b":1.3587541580200196,"a":0.0},"key6":{"r":0.0,"g":0.0,"b":0.0,"a":0.0},"key7":{"r":0.0,"g":0.0,"b":0.0,"a":0.0},"ctime0":0,"ctime1":9830,"ctime2":22552,"ctime3":32768,"ctime4":36623,"ctime5":65535,"ctime6":0,"ctime7":0,"atime0":0,"atime1":65535,"atime2":0,"atime3":0,"atime4":0,"atime5":0,"atime6":0,"atime7":0,"m_Mode":0,"m_NumColorKeys":6,"m_NumAlphaKeys":2},"backColorGradient2":{"serializedVersion":"2","key0":{"r":0.0,"g":0.0,"b":0.0,"a":1.0},"key1":{"r":0.01722143590450287,"g":0.02434609830379486,"b":0.08490568399429321,"a":1.0},"key2":{"r":0.06977572292089462,"g":0.0929868146777153,"b":0.30188679695129397,"a":0.0},"key3":{"r":0.14462442696094514,"g":0.27012941241264346,"b":0.4716981053352356,"a":0.0},"key4":{"r":0.11814703047275543,"g":0.23598599433898927,"b":0.4245283007621765,"a":0.0},"key5":{"r":0.559496283531189,"g":0.6787706613540649,"b":0.9339622855186462,"a":0.0},"key6":{"r":0.0,"g":0.0,"b":0.0,"a":0.0},"key7":{"r":0.0,"g":0.0,"b":0.0,"a":0.0},"ctime0":0,"ctime1":9830,"ctime2":22937,"ctime3":32768,"ctime4":36044,"ctime5":65535,"ctime6":0,"ctime7":0,"atime0":0,"atime1":65535,"atime2":0,"atime3":0,"atime4":0,"atime5":0,"atime6":0,"atime7":0,"m_Mode":0,"m_NumColorKeys":6,"m_NumAlphaKeys":2},"backColorGradient3":{"serializedVersion":"2","key0":{"r":0.0,"g":0.0,"b":0.0,"a":1.0},"key1":{"r":0.01646493189036846,"g":0.02388155832886696,"b":0.09433960914611817,"a":1.0},"key2":{"r":0.047436803579330447,"g":0.06790357828140259,"b":0.24528300762176515,"a":0.0},"key3":{"r":0.1261569857597351,"g":0.23541970551013947,"b":0.4245283007621765,"a":0.0},"key4":{"r":0.11881163716316223,"g":0.21231776475906373,"b":0.3650444447994232,"a":0.0},