{"showModuleInspector":false,"showSaveLoad":false,"active":true,"Settings":{"volumetrics":true,"steps":32,"quality":1,"scattering":0.2800000011920929,"scatteringMultiplier":{"serializedVersion":"2","m_Curve":[{"serializedVersion":"3","time":0.0,"value":8.0,"inSlope":0.0,"outSlope":0.0,"tangentMode":0,"weightedMode":0,"inWeight":0.0,"outWeight":0.0},{"serializedVersion":"3","time":0.2986283600330353,"value":7.126699447631836,"inSlope":-7.936709403991699,"outSlope":-7.936709403991699,"tangentMode":0,"weightedMode":0,"inWeight":0.14942510426044465,"outWeight":0.3333333432674408},{"serializedVersion":"3","time":0.4137483537197113,"value":1.9498584270477296,"inSlope":-5.99269962310791,"outSlope":-5.99269962310791,"tangentMode":0,"weightedMode":0,"inWeight":0.5154209733009338,"outWeight":0.3333333432674408},{"serializedVersion":"3","time":1.0,"value":1.0,"inSlope":0.0,"outSlope":0.0,"tangentMode":0,"weightedMode":0,"inWeight":0.0,"outWeight":0.0}],"m_PreInfinity":2,"m_PostInfinity":2,"m_RotationOrder":4},"extinction":0.019999999552965165,"anistropy":0.1899999976158142,"maxRange":1000.0,"maxRangePointSpot":100.0,"noiseIntensity":0.0,"noiseScale":0.0,"windDirection":{"x":3.9000000953674318,"y":0.0,"z":0.0},"noise":{"instanceID":0},"ditheringTex":{"instanceID":18432},"fog":true,"fogQualityMode":0,"floatingPointOriginMod":{"x":0.0,"y":0.0,"z":0.0},"globalFogHeight":0.0,"fogDensity":0.03400000184774399,"fogHeightFalloff":0.01209999993443489,"fogHeight":0.0,"fogDensity2":0.41200000047683718,"fogHeightFalloff2":0.03880000114440918,"fogHeight2":0.0,"fogMaxOpacity":1.0,"startDistance":0.009999999776482582,"fogColorBlend":1.0,"fogColorMod":{"r":1.0,"g":1.0,"b":1.0,"a":1.0},"blockScattering":false,"ambientColorGradient":{"serializedVersion":"2","key0":{"r":0.23549304902553559,"g":0.24271069467067719,"b":0.7924528121948242,"a":1.0},"key1":{"r":0.16073335707187653,"g":0.22812634706497193,"b":0.7924528121948242,"a":1.0},"key2":{"r":0.3559095561504364,"g":0.4455167353153229,"b":0.5849056243896484,"a":0.0},"key3":{"r":2.5796902179718019,"g":2.651017904281616,"b":2.8293375968933107,"a":0.0},"key4":{"r":2.5796902179718019,"g":2.651017904281616,"b":2.8293375968933107,"a":0.0},"key5":{"r":0.0,"g":0.0,"b":0.0,"a":0.0},"key6":{"r":0.0,"g":0.0,"b":0.0,"a":0.0},"key7":{"r":0.0,"g":0.0,"b":0.0,"a":0.0},"ctime0":0,"ctime1":29491,"ctime2":33539,"ctime3":65535,"ctime4":65535,"ctime5":0,"ctime6":0,"ctime7":0,"atime0":0,"atime1":65535,"atime2":0,"atime3":0,"atime4":0,"atime5":0,"atime6":0,"atime7":0,"m_Mode":0,"m_NumColorKeys":4,"m_NumAlphaKeys":2},"unityFog":false,"unityFogMode":2,"unityFogDensity":0.0020000000949949028,"unityFogStartDistance":0.0,"unityFogEndDistance":1000.0,"unityFogColor":{"serializedVersion":"2","key0":{"r":0.0,"g":0.0,"b":0.0,"a":1.0},"key1":{"r":0.014640436507761479,"g":0.01978015899658203,"b":0.06603771448135376,"a":1.0},"key2":{"r":0.12589000165462495,"g":0.1519802212715149,"b":0.38679248094558718,"a":0.0},"key3":{"r":0.6415094137191773,"g":0.3974781334400177,"b":0.26326096057891848,"a":0.0},"key4":{"r":0.5326628684997559,"g":0.6356748342514038,"b":0.849056601524353,"a":0.0},"key5":{"r":0.8270291686058044,"g":0.8807278275489807,"b":0.9905660152435303,"a":0.0},"key6":{"r":0.0,"g":0.0,"b":0.0,"a":0.0},"key7":{"r":0.0,"g":0.0,"b":0.0,"a":0.0},"ctime0":0,"ctime1":9830,"ctime2":23130,"ctime3":32768,"ctime4":36430,"ctime5":65535,"ctime6":0,"ctime7":0,"atime0":0,"atime1":65535,"atime2":0,"atime3":0,"atime4":0,"atime5":0,"atime6":0,"atime7":0,"m_Mode":0,"m_NumColorKeys":6,"m_NumAlphaKeys":2}},"preset":{"instanceID":18434},"showFogControls":true,"showVolumetricsControls":false,"showUnityFogControls":false,"fogLights":[{"instanceID":0},{"instanceID":0},{"instanceID":0},{"instanceID":0},{"instanceID":0},{"instanceID":0}],"customFogDensityModifer":1.0,"fogMat":{"instanceID":0},"volumetricsMat":{"instanceID":0},"blurMat":{"instanceID":0},"blurMat2":{"instanceID":0},"volumetricsRenderTexture":{"instanceID":0}}