{"showModuleInspector":false,"showSaveLoad":false,"active":true,"settings":{"useCirrusClouds":true,"cirrusCloudsTex":{"instanceID":18502},"cirrusCloudsAlpha":0.0,"cirrusCloudsColorPower":1.1299999952316285,"cirrusCloudsCoverage":0.2930000126361847,"cirrusCloudsColor":{"serializedVersion":"2","key0":{"r":0.0,"g":0.0,"b":0.0,"a":1.0},"key1":{"r":0.0,"g":0.0,"b":0.0,"a":1.0},"key2":{"r":1.0,"g":0.18127085268497468,"b":0.0,"a":0.9843137264251709},"key3":{"r":0.9176470637321472,"g":0.7843137383460999,"b":0.6431372761726379,"a":0.9843137264251709},"key4":{"r":0.9176470637321472,"g":0.8627451062202454,"b":0.8078431487083435,"a":0.9843137264251709},"key5":{"r":0.4627451002597809,"g":0.9843137264251709,"b":0.8313725590705872,"a":0.9843137264251709},"key6":{"r":0.4627451002597809,"g":0.9843137264251709,"b":0.8313725590705872,"a":0.9843137264251709},"key7":{"r":0.4627451002597809,"g":0.9843137264251709,"b":0.8313725590705872,"a":0.9843137264251709},"ctime0":0,"ctime1":29696,"ctime2":31641,"ctime3":36700,"ctime4":65535,"ctime5":0,"ctime6":0,"ctime7":0,"atime0":0,"atime1":65535,"atime2":0,"atime3":0,"atime4":0,"atime5":0,"atime6":0,"atime7":0,"m_Mode":0,"m_NumColorKeys":5,"m_NumAlphaKeys":2},"cirrusCloudsWindIntensity":0.5,"useFlatClouds":false,"flatCloudsBaseTex":{"instanceID":18504},"flatCloudsDetailTex":{"instanceID":18506},"flatCloudsLightColor":{"serializedVersion":"2","key0":{"r":0.0,"g":0.0,"b":0.0,"a":1.0},"key1":{"r":0.1261569857597351,"g":0.13726778328418733,"b":0.19811320304870606,"a":1.0},"key2":{"r":1.0,"g":0.18127085268497468,"b":0.0,"a":0.0},"key3":{"r":0.9176470637321472,"g":0.7843137383460999,"b":0.6431372761726379,"a":0.0},"key4":{"r":0.9176470637321472,"g":0.8627451062202454,"b":0.8078431487083435,"a":0.0},"key5":{"r":0.0,"g":0.0,"b":0.0,"a":0.0},"key6":{"r":0.0,"g":0.0,"b":0.0,"a":0.0},"key7":{"r":0.0,"g":0.0,"b":0.0,"a":0.0},"ctime0":0,"ctime1":29696,"ctime2":31641,"ctime3":36700,"ctime4":65535,"ctime5":0,"ctime6":0,"ctime7":0,"atime0":0,"atime1":65535,"atime2":0,"atime3":0,"atime4":0,"atime5":0,"atime6":0,"atime7":0,"m_Mode":0,"m_NumColorKeys":5,"m_NumAlphaKeys":2},"flatCloudsAmbientColor":{"serializedVersion":"2","key0":{"r":0.0,"g":0.0,"b":0.0,"a":1.0},"key1":{"r":0.06781771034002304,"g":0.07401677221059799,"b":0.11320751905441284,"a":1.0},"key2":{"r":0.1731932908296585,"g":0.20856569707393647,"b":0.2641509175300598,"a":0.0},"key3":{"r":0.2353595644235611,"g":0.28180524706840517,"b":0.40566039085388186,"a":0.0},"key4":{"r":0.0,"g":0.0,"b":0.0,"a":0.0},"key5":{"r":0.0,"g":0.0,"b":0.0,"a":0.0},"key6":{"r":0.0,"g":0.0,"b":0.0,"a":0.0},"key7":{"r":0.0,"g":0.0,"b":0.0,"a":0.0},"ctime0":0,"ctime1":29491,"ctime2":33539,"ctime3":65535,"ctime4":0,"ctime5":0,"ctime6":0,"ctime7":0,"atime0":0,"atime1":65535,"atime2":0,"atime3":0,"atime4":0,"atime5":0,"atime6":0,"atime7":0,"m_Mode":0,"m_NumColorKeys":4,"m_NumAlphaKeys":2},"flatCloudsLightIntensity":1.0140000581741334,"flatCloudsAmbientIntensity":1.0499999523162842,"flatCloudsShadowIntensity":0.6000000238418579,"flatCloudsShadowSteps":6.0,"flatCloudsHGPhase":0.800000011920929,"flatCloudsCoverage":1.2869999408721924,"flatCloudsDensity":1.0,"flatCloudsAltitude":1.0,"flatCloudsTonemapping":false,"flatCloudsBaseTiling":1.0,"flatCloudsDetailTiling":10.0,"flatCloudsWindIntensity":1.0,"flatCloudsDetailWindIntensity":0.5},"preset":{"instanceID":18508},"showCirrusCloudsControls":false,"show2DCloudsControls":false,"cloudFlatBaseAnim":{"x":-0.26916638016700747,"y":-0.5405989289283752},"cloudFlatDetailAnim":{"x":0.4416978359222412,"y":-0.1874641329050064},"cirrusAnim":{"x":0.7064049243927002,"y":0.8650115728378296}}