{"showModuleInspector":false,"showSaveLoad":false,"active":true,"settingsVolume":{"cloudsWindDirectionXModifier":1.0,"cloudsWindDirectionYModifier":1.0,"windSpeedModifier":0.05000000074505806,"windUpwards":0.02500000037252903,"coverage":0.4000000059604645,"worleyFreq2":48.0,"worleyFreq1":12.0,"dilateCoverage":0.75,"dilateType":0.0,"cloudsTypeModifier":0.9010000228881836,"locationOffset":{"x":0.800000011920929,"y":0.0},"bottomCloudsHeight":2000.0,"topCloudsHeight":8000.0,"density":1.0,"densitySmoothness":1.25,"scatteringIntensity":5.050000190734863,"edgeHighlightStrength":0.0,"silverLiningSpread":0.5,"silverLiningIntensity":1.4199999570846558,"lightningIntensity":0.0,"curlIntensity":0.7570000290870667,"lightStepModifier":0.010999999940395356,"multiScatterStrength":0.5410000085830689,"multiScatterFalloff":0.20100000500679017,"ambientFloor":0.1899999976158142,"absorbtion":0.6100000143051148,"exposure":0.5299999713897705,"baseNoiseUV":48.0,"detailNoiseUV":24.0,"baseNoiseUVMultiplier":0.8899999856948853,"detailNoiseUVMultiplier":1.1200000047683716,"baseErosionIntensity":0.06700000166893006,"baseNoiseMultiplier":1.100000023841858,"detailErosionIntensity":0.20000000298023225,"detailNoiseMultiplier":1.0,"bottomShape":-0.10000000149011612,"midShape":-1.4800000190734864,"topShape":-4.349999904632568,"topLayer":0.0,"cloudTypeShaping":0.5950000286102295,"rampShape":0.8500000238418579},"settingsGlobal":{"floatingPointOriginMod":{"x":0.0,"y":0.0,"z":0.0},"cloudScrollOffset":{"x":0.0,"y":0.0,"z":0.0},"sunLightColorGradient":{"serializedVersion":"2","key0":{"r":0.0,"g":0.0,"b":0.0,"a":1.0},"key1":{"r":0.0,"g":0.0,"b":0.0,"a":1.0},"key2":{"r":0.24528300762176515,"g":0.05048998445272446,"b":0.003470979630947113,"a":0.0},"key3":{"r":0.9176470637321472,"g":0.7843137383460999,"b":0.6431372761726379,"a":0.0},"key4":{"r":1.0,"g":1.0,"b":1.0,"a":0.0},"key5":{"r":1.0,"g":0.9450980424880981,"b":0.8980392217636108,"a":0.0},"key6":{"r":0.0,"g":0.0,"b":0.0,"a":0.0},"key7":{"r":0.0,"g":0.0,"b":0.0,"a":0.0},"ctime0":0,"ctime1":29684,"ctime2":30840,"ctime3":36700,"ctime4":65535,"ctime5":65535,"ctime6":0,"ctime7":0,"atime0":0,"atime1":65535,"atime2":0,"atime3":0,"atime4":0,"atime5":0,"atime6":0,"atime7":0,"m_Mode":0,"m_NumColorKeys":5,"m_NumAlphaKeys":2},"moonLightColorGradient":{"serializedVersion":"2","key0":{"r":0.0,"g":0.0,"b":0.0,"a":1.0},"key1":{"r":0.009433984756469727,"g":0.009433984756469727,"b":0.009433984756469727,"a":1.0},"key2":{"r":0.19063721597194673,"g":0.21091683208942414,"b":0.2641509175300598,"a":0.0},"key3":{"r":0.06608225405216217,"g":0.07146038115024567,"b":0.08490568399429321,"a":0.0},"key4":{"r":0.0,"g":0.0,"b":0.0,"a":0.0},"key5":{"r":0.0,"g":0.0,"b":0.0,"a":0.0},"key6":{"r":0.0,"g":0.0,"b":0.0,"a":0.0},"key7":{"r":0.0,"g":0.0,"b":0.0,"a":0.0},"ctime0":0,"ctime1":27563,"ctime2":65342,"ctime3":65535,"ctime4":0,"ctime5":0,"ctime6":0,"ctime7":0,"atime0":0,"atime1":65535,"atime2":0,"atime3":0,"atime4":0,"atime5":0,"atime6":0,"atime7":0,"m_Mode":0,"m_NumColorKeys":3,"m_NumAlphaKeys":2},"ambientColorGradient":{"serializedVersion":"2","key0":{"r":0.0,"g":0.0,"b":0.0,"a":1.0},"key1":{"r":0.009433984756469727,"g":0.009433984756469727,"b":0.009433984756469727,"a":1.0},"key2":{"r":0.13576896488666535,"g":0.16321849822998048,"b":0.25471699237823489,"a":0.0},"key3":{"r":0.175996795296669,"g":0.2323361337184906,"b":0.33018869161605837,"a":0.0},"key4":{"r":0.37985050678253176,"g":0.4959533214569092,"b":0.8301886916160584,"a":0.0},"key5":{"r":0.40258991718292239,"g":0.5022260546684265,"b":0.7830188870429993,"a":0.0},"key6":{"r":0.0,"g":0.0,"b":0.0,"a":0.0},"key7":{"r":0.0,"g":0.0,"b":0.0,"a":0.0},"ctime0":0,"ctime1":28142,"ctime2":32382,"ctime3":35659,"ctime4":65535,"ctime5":65535,"ctime6":0,"ctime7":0,"atime0":0,"atime1":65535,"atime2":0,"atime3":0,"atime4":0,"atime5":0,"atime6":0,"atime7":0,"m_Mode":0,"m_NumColorKeys":5,"m_NumAlphaKeys":2},"sunLightColor":{"r":0.0,"g":0.0,"b":0.0,"a":0.0},"moonLightColor":{"r":0.0,"g":0.0,"b":0.0,"a":0.0},"ambientColor":{"r":0.0,"g":0.0,"b":0.0,"a":0.0},"depthBlending":false,"depthTest":true,"noise":{"instanceID":18490},"detailNoise":{"instanceID":18492},"curlTex":{"instanceID":18494},"bottomsOffsetNoise":{"instanceID":18496},"blueNoise":{"instanceID":18498},"customWeatherMap":{"instanceID":0},"cloudsWorldScale":5000000.0,"maxRenderDistance":70000.0,"atmosphereColorSaturateDistance":25000.0,"ambientLighIntensity":1.0,"cloudShadows":false,"cloudShadowsIntensity":1.0,"cloudsTravelSpeed":0.009999999776482582},"settingsQuality":{"volumetricClouds":true,"lightningSupport":true,"variableBottomNoise":false,"downsampling":2,"stepsLayer1":128,"stepsLayer2":64,"blueNoiseIntensity":2.0,"reprojectionBlendTime":2.0,"lodDistance":0.6000000238418579},"preset":{"instanceID":18500},"showGlobalControls":true,"showVolumeSettings":false,"showCoverageControls":false,"showLightingControls":false,"showDensityControls":false,"showTextureControls":false,"showWindControls":false,"cloudAnimLayer1":{"x":-0.7718238234519959,"y":0.5842776298522949,"z":-0.21058693528175355},"cloudAnimLayer2":{"x":0.0,"y":0.0,"z":0.0},"cloudAnimNonScaledLayer1":{"x":-0.006174563895910978,"y":0.02067447640001774,"z":-0.4803866446018219},"cloudAnimNonScaledLayer2":{"x":0.0,"y":0.0,"z":0.0},"weatherMap":{"instanceID":0}}